Id; Entity; String; File; Line
656408576;_SYS;"Custom.c sys_CustomInitProc __LINE__ [%d]";/home/media/jeff.li/work/SDK_Release/Git_289dc66/SDK_289dc66/Mercury5/proj/sc/system/sys/src_cus/custom.c;279
656408577;_SYS;"Idle polling: memory short";/home/media/jeff.li/work/SDK_Release/Git_289dc66/SDK_289dc66/Mercury5/proj/sc/system/sys/src_cus/custom.c;725
656408578;_RTK;"en=%d, id=%d, start=0x%0.8x, end=0x%0.8x, c=%d, r=%d";/home/media/jeff.li/work/SDK_Release/Git_289dc66/SDK_289dc66/Mercury5/proj/sc/system/sys/src_cus/sys_mem.c;650
656408579;_SYS;"Hardware watchdog exipres, last touch WD sys_delay_wd_stamp = (%d)ms, current time = (%d)ms, wdt_src = (%d)";/home/media/jeff.li/work/SDK_Release/Git_289dc66/SDK_289dc66/Mercury5/proj/sc/system/sys/src/sys_premain_i_sw.c;121
656408580;_SYS;"g_ptKePiuWdt->reg_wdt_int=(0x%X), picsr=(0x%X), etmi_0a_clear_status=(0x%X), fiq_raw_status=(0x%X)";/home/media/jeff.li/work/SDK_Release/Git_289dc66/SDK_289dc66/Mercury5/proj/sc/system/sys/src/sys_premain_i_sw.c;123
656408581;_SYS;"Hardware watchdog exipres, current Task:%d";/home/media/jeff.li/work/SDK_Release/Git_289dc66/SDK_289dc66/Mercury5/proj/sc/system/sys/src/sys_premain_i_sw.c;124
656408582;_SYS;"Last disable interrupt, CPSR = 0x%0.8x, LR = <SYMBOL> (0x%0.8x), SP = 0x%0.8x";/home/media/jeff.li/work/SDK_Release/Git_289dc66/SDK_289dc66/Mercury5/proj/sc/system/sys/src/sys_premain_i_sw.c;139
656408583;_SYS;"Hardware watchdog exipres, current Task:%d, Spsr = 0x%0.8x";/home/media/jeff.li/work/SDK_Release/Git_289dc66/SDK_289dc66/Mercury5/proj/sc/system/sys/src/sys_premain_i_sw.c;140
656408584;_SYS;"Hardware watchdog exipres, Mask1 = 0x%0.8x, Rawstatus1 = 0x%0.8x, Service1 = 0x%0.8x";/home/media/jeff.li/work/SDK_Release/Git_289dc66/SDK_289dc66/Mercury5/proj/sc/system/sys/src/sys_premain_i_sw.c;162
656408585;_SYS;"Hardware watchdog exipres, current Task:%d, reg = 0x%0.8x, Spsr = 0x%0.8x, Mask0 = 0x%0.8x, Rawstatus0 = 0x%0.8x, Service0 = 0x%0.8x";/home/media/jeff.li/work/SDK_Release/Git_289dc66/SDK_289dc66/Mercury5/proj/sc/system/sys/src/sys_premain_i_sw.c;164
656408586;QUELE_LOG_FATAL;"[SysQueue:%d] no available node";/home/media/jeff.li/work/SDK_Release/Git_289dc66/SDK_289dc66/Mercury5/proj/sc/system/sys/src/sys_queue.c;40
656408587;QUELE_LOG_FATAL;"[SysQueue:%d] nodes overflow";/home/media/jeff.li/work/SDK_Release/Git_289dc66/SDK_289dc66/Mercury5/proj/sc/system/sys/src/sys_queue.c;62
656408588;QUELE_LOG_FATAL;"[SysEnQueue:%d] lr=<SYMBOL> (0x%0.8x) in-consistent queue 0x%08X";/home/media/jeff.li/work/SDK_Release/Git_289dc66/SDK_289dc66/Mercury5/proj/sc/system/sys/src/sys_queue.c;107
656408589;QUELE_LOG_FATAL;"[SysDeQueue:%d] count=%d underflow";/home/media/jeff.li/work/SDK_Release/Git_289dc66/SDK_289dc66/Mercury5/proj/sc/system/sys/src/sys_queue.c;187
656408590;QUELE_LOG_FATAL;"[SysDeQueue:%d] count=%d overflow";/home/media/jeff.li/work/SDK_Release/Git_289dc66/SDK_289dc66/Mercury5/proj/sc/system/sys/src/sys_queue.c;196
656408591;QUELE_LOG_FATAL;"[SysDeleteQueue:%d] count=%d underflow";/home/media/jeff.li/work/SDK_Release/Git_289dc66/SDK_289dc66/Mercury5/proj/sc/system/sys/src/sys_queue.c;223
656408592;QUELE_LOG_FATAL;"[SysDeleteQueue:%d] no node is found 0x%08X";/home/media/jeff.li/work/SDK_Release/Git_289dc66/SDK_289dc66/Mercury5/proj/sc/system/sys/src/sys_queue.c;232
656408593;QUELE_LOG_FATAL;"[SysDeleteQueue:%d] count=%d overflow";/home/media/jeff.li/work/SDK_Release/Git_289dc66/SDK_289dc66/Mercury5/proj/sc/system/sys/src/sys_queue.c;239
656408594;_RTK;"sys_LastRstIsWatchDog = 0x%X";/home/media/jeff.li/work/SDK_Release/Git_289dc66/SDK_289dc66/Mercury5/proj/sc/system/sys/src/sys_tools.c;101
656408595;_RTK;"r%i  0x%lx";/home/media/jeff.li/work/SDK_Release/Git_289dc66/SDK_289dc66/Mercury5/proj/sc/system/sys/src/sys_tools.c;112
656408596;_RTK;"cpsr 0x%lx";/home/media/jeff.li/work/SDK_Release/Git_289dc66/SDK_289dc66/Mercury5/proj/sc/system/sys/src/sys_tools.c;115
656408597;_SYS;"ERROR: %d";/home/media/jeff.li/work/SDK_Release/Git_289dc66/SDK_289dc66/Mercury5/proj/sc/system/sys/src/sys_tools.c;594
656408598;_RTK;"                                         ";/home/media/jeff.li/work/SDK_Release/Git_289dc66/SDK_289dc66/Mercury5/proj/sc/system/sys/src/tasks.c;693
656408599;_RTK;"[Sys Enhance] g_SysEiuQbOverheadCount = %d";/home/media/jeff.li/work/SDK_Release/Git_289dc66/SDK_289dc66/Mercury5/proj/sc/system/sys/src/tasks.c;694
656408600;_RTK;"[Sys Enhance] Average EI_U QB count = %d";/home/media/jeff.li/work/SDK_Release/Git_289dc66/SDK_289dc66/Mercury5/proj/sc/system/sys/src/tasks.c;695
656408601;_RTK;"[Sys Enhance] Maximum EI_U QB count = %d";/home/media/jeff.li/work/SDK_Release/Git_289dc66/SDK_289dc66/Mercury5/proj/sc/system/sys/src/tasks.c;696
656408602;_RTK;"[Sys Enhance] g_nSysEikQbOverheadCount = %d";/home/media/jeff.li/work/SDK_Release/Git_289dc66/SDK_289dc66/Mercury5/proj/sc/system/sys/src/tasks.c;702
656408603;_RTK;"[Sys Enhance] Average EI_K QB count = %d";/home/media/jeff.li/work/SDK_Release/Git_289dc66/SDK_289dc66/Mercury5/proj/sc/system/sys/src/tasks.c;703
656408604;_RTK;"[Sys Enhance] Maximum EI_K QB count = %d";/home/media/jeff.li/work/SDK_Release/Git_289dc66/SDK_289dc66/Mercury5/proj/sc/system/sys/src/tasks.c;704
656408605;_RTK;"[Sys Enhance] g_nSysDiuQbOverheadCount = %d";/home/media/jeff.li/work/SDK_Release/Git_289dc66/SDK_289dc66/Mercury5/proj/sc/system/sys/src/tasks.c;710
656408606;_RTK;"[Sys Enhance] Average DI_U QB count = %d";/home/media/jeff.li/work/SDK_Release/Git_289dc66/SDK_289dc66/Mercury5/proj/sc/system/sys/src/tasks.c;711
656408607;_RTK;"[Sys Enhance] Maximum DI_U QB count = %d";/home/media/jeff.li/work/SDK_Release/Git_289dc66/SDK_289dc66/Mercury5/proj/sc/system/sys/src/tasks.c;712
656408608;_RTK;"[Sys Enhance] g_nSysDikQbOverheadCount = %d";/home/media/jeff.li/work/SDK_Release/Git_289dc66/SDK_289dc66/Mercury5/proj/sc/system/sys/src/tasks.c;719
656408609;_RTK;"[Sys Enhance] Average DI_K QB count = %d";/home/media/jeff.li/work/SDK_Release/Git_289dc66/SDK_289dc66/Mercury5/proj/sc/system/sys/src/tasks.c;720
656408610;_RTK;"[Sys Enhance] Maximum DI_K QB count = %d";/home/media/jeff.li/work/SDK_Release/Git_289dc66/SDK_289dc66/Mercury5/proj/sc/system/sys/src/tasks.c;721
656408611;_RTK;"[Sys Enhance] g_SysIsrQbOverheadCount = %d";/home/media/jeff.li/work/SDK_Release/Git_289dc66/SDK_289dc66/Mercury5/proj/sc/system/sys/src/tasks.c;729
656408612;_RTK;"[Sys Enhance] Average ISR check QB count = %d";/home/media/jeff.li/work/SDK_Release/Git_289dc66/SDK_289dc66/Mercury5/proj/sc/system/sys/src/tasks.c;730
656408613;_RTK;"[Sys Enhance] Maximum ISR check QB count = %d";/home/media/jeff.li/work/SDK_Release/Git_289dc66/SDK_289dc66/Mercury5/proj/sc/system/sys/src/tasks.c;731
656408614;_RTK;"sys_startProfilIsr: it's under process!";/home/media/jeff.li/work/SDK_Release/Git_289dc66/SDK_289dc66/Mercury5/proj/sc/system/sys/src/tasks.c;849
656408615;_RTK;"sys_startProfilIsr: ISR profile is already started!";/home/media/jeff.li/work/SDK_Release/Git_289dc66/SDK_289dc66/Mercury5/proj/sc/system/sys/src/tasks.c;854
656408616;_RTK;"failed to allocate iram for isr_execution_func";/home/media/jeff.li/work/SDK_Release/Git_289dc66/SDK_289dc66/Mercury5/proj/sc/system/sys/src/tasks.c;862
656408617;_RTK;"failed to allocate eram for isr_execution_func";/home/media/jeff.li/work/SDK_Release/Git_289dc66/SDK_289dc66/Mercury5/proj/sc/system/sys/src/tasks.c;865
656408618;_RTK;"failed to allocate iram for isr_execution_ticks";/home/media/jeff.li/work/SDK_Release/Git_289dc66/SDK_289dc66/Mercury5/proj/sc/system/sys/src/tasks.c;871
656408619;_RTK;"failed to allocate eram for isr_execution_ticks";/home/media/jeff.li/work/SDK_Release/Git_289dc66/SDK_289dc66/Mercury5/proj/sc/system/sys/src/tasks.c;874
656408620;_RTK;"failed to allocate iram for isr_execution_services";/home/media/jeff.li/work/SDK_Release/Git_289dc66/SDK_289dc66/Mercury5/proj/sc/system/sys/src/tasks.c;880
656408621;_RTK;"failed to allocate eram for isr_execution_services";/home/media/jeff.li/work/SDK_Release/Git_289dc66/SDK_289dc66/Mercury5/proj/sc/system/sys/src/tasks.c;883
656408622;_RTK;"failed to allocate iram for nested_isr_accumulation";/home/media/jeff.li/work/SDK_Release/Git_289dc66/SDK_289dc66/Mercury5/proj/sc/system/sys/src/tasks.c;889
656408623;_RTK;"failed to allocate eram for nested_isr_accumulation";/home/media/jeff.li/work/SDK_Release/Git_289dc66/SDK_289dc66/Mercury5/proj/sc/system/sys/src/tasks.c;892
656408624;_RTK;"sys_dumpIsrProfileInfo: ISR profile is never started!";/home/media/jeff.li/work/SDK_Release/Git_289dc66/SDK_289dc66/Mercury5/proj/sc/system/sys/src/tasks.c;940
656408625;_RTK;"PURE_ISR		: QbCount = 0x%0.8x";/home/media/jeff.li/work/SDK_Release/Git_289dc66/SDK_289dc66/Mercury5/proj/sc/system/sys/src/tasks.c;950
656408626;_RTK;"ISR = PURE_ISR + COMMON HANDLER";/home/media/jeff.li/work/SDK_Release/Git_289dc66/SDK_289dc66/Mercury5/proj/sc/system/sys/src/tasks.c;951
656408627;_RTK;"QbCount = 0x%0.8x, QbPercent = %0.2d.%d , service 0x%0.8x times isr_func <SYMBOL> (0x%0.8x)";/home/media/jeff.li/work/SDK_Release/Git_289dc66/SDK_289dc66/Mercury5/proj/sc/system/sys/src/tasks.c;959
656408628;_HWL;"RF RX Win (%i frame, %i qb) TX win (%i qb)";/home/media/jeff.li/work/SDK_Release/Git_289dc66/SDK_289dc66/Mercury5/proj/sc/system/sys/src/tasks.c;1091
656408629;_SYS;"frame %d to %d";/home/media/jeff.li/work/SDK_Release/Git_289dc66/SDK_289dc66/Mercury5/proj/sc/system/sys/src/tasks.c;1132
656408630;_SYS;"Slept %d x32k over last 4s";/home/media/jeff.li/work/SDK_Release/Git_289dc66/SDK_289dc66/Mercury5/proj/sc/system/sys/src/tasks.c;1143
656408631;_SYS;"It about %d per cent";/home/media/jeff.li/work/SDK_Release/Git_289dc66/SDK_289dc66/Mercury5/proj/sc/system/sys/src/tasks.c;1145
656408632;_SYS;">>>>> enable Jtag in idle task";/home/media/jeff.li/work/SDK_Release/Git_289dc66/SDK_289dc66/Mercury5/proj/sc/system/sys/src/tasks.c;1298
656408633;_SYS;">>>>> disable Jtag in idle task";/home/media/jeff.li/work/SDK_Release/Git_289dc66/SDK_289dc66/Mercury5/proj/sc/system/sys/src/tasks.c;1306
656408634;_SYS;">>>>> wrong Jtag state %d in idle task";/home/media/jeff.li/work/SDK_Release/Git_289dc66/SDK_289dc66/Mercury5/proj/sc/system/sys/src/tasks.c;1311
656408635;_SYS;"timer_Task callback 0x%8X processing %d ticks. (SPEED_PROFILE: 0x%x)";/home/media/jeff.li/work/SDK_Release/Git_289dc66/SDK_289dc66/Mercury5/proj/sc/system/sys/src/tasks.c;1360
656408636;_SYS;"timer_Task NULL callback  id=0x%0.8x, userdata=0x%0.8x";/home/media/jeff.li/work/SDK_Release/Git_289dc66/SDK_289dc66/Mercury5/proj/sc/system/sys/src/tasks.c;1365
656408637;_SYS;"Not Enough Heap to create the Backtrace Buffer to store";/home/media/jeff.li/work/SDK_Release/Git_289dc66/SDK_289dc66/Mercury5/proj/sc/system/trc/src/traces.c;661
656408638;_SYS;"INT_DUMP: DUMP too big, size = %d";/home/media/jeff.li/work/SDK_Release/Git_289dc66/SDK_289dc66/Mercury5/proj/sc/system/trc/src/traces.c;824
656408639;_SYS;"trc_QuickTrace: Quick Trace Buffer Overflow, be careful of trace order";/home/media/jeff.li/work/SDK_Release/Git_289dc66/SDK_289dc66/Mercury5/proj/sc/system/trc/src/traces.c;1206
